id,first_name,last_name,email,mobile_number,gender,dob,t_shirt_size,name_bib,blood_group,emergency_contact_name,emergency_contact_number,pincode,state,city,time_of_registration,medical_issue,category,address,runner_club,age,distance,order_number,whatsapp_number,company,coupon_code,payment_id,order_id,payment_status,status,payment_order_id,base_fees,platform_charges,platform_charges_gst,registration_gst,amount,payment_gway_charges,payment_gway_charges_gst,customer_pays,novarace_revenue,pg_charges,organizer_receives,event_id
1,Siddharth,Lad,rajanaarnav@example.com,2591868124,Male,06-04-1987,M,Yasti,A+,Ojasvi Loyal,5881207477,178224,Himachal Pradesh,Mirzapur,21-01-2026 23:05,None,Senior,"H.No. 03, Misra Chowk Ambala 544457",None,39,10K,5b09033b-c85d-4a7b-bd1e-b0b828991b0c,5246806910,Randhawa and Sons,NONE,1f156f74-bba8-4cde-b67c-ae7777678eb9,48a76e1c-24f7-4abf-84b7-c5f39e22da31,PENDING,ACTIVE,1f17ff03-f32a-4232-8dbe-e45227811cd1,1333.28,16.92,6.4,91.22,1962.37,9.43,7.09,2252.16,278.28,19.64,422.19,1
2,Tanmayi,Srinivasan,shankerlipika@example.org,9501573692,Female,05-03-1987,S,Aradhana,B+,Adweta Narula,6179810814,950015,Rajasthan,Gaya,03-03-2026 07:55,BP,VIP,"H.No. 08, Kunda Circle Aizawl-921882",Fast Runners,39,Half,88abe1df-e299-47da-8e18-458be1db119a,3471173884,Nadkarni-Mand,DISC10,98f31242-fdee-4cb3-b964-1570e7ba51ee,92c975c8-7c66-4aa0-a76c-c7eb1f897387,PENDING,ACTIVE,ae8f34a4-8d3b-41d6-8b15-8a7ebdb0a972,810.29,10.23,6.04,13.16,689.3,36.35,2.36,1403.96,424.18,95.93,1499.56,1
3,Chaaya,Doshi,rajtriya@example.com,4362852486,Female,06-09-1990,XL,Jagvi,AB+,Bahadurjit Swamy,4411079245,417515,Himachal Pradesh,Siwan,21-02-2026 04:14,Diabetes,VIP,"99/328, Chad Street Farrukhabad 208555",None,35,Half,270baf02-8344-48b0-8275-5db55534ae19,6089156927,Patla-Sidhu,DISC10,1c7f5911-e3b6-40ec-a6dd-941d8554382e,5957593a-0c6e-4673-90a9-7ad7d4454957,SUCCESS,ACTIVE,bde85a93-49bb-46b9-b25a-b8cff44439c5,567.15,23,6.34,92.99,983.27,15.22,1.87,1305.68,108.94,27.68,1466.44,1
4,Ishita,Amble,watikaviswanathan@example.org,2568586928,Female,28-06-1995,S,Lopa,AB+,Sanaya Kumer,9575728794,756051,Tripura,Kavali,22-03-2026 20:13,Asthma,Senior,32/09 Ravel Ganj Katihar 241943,Marathoners,30,5K,14ae0f52-2714-4437-9b36-a51c6decff9a,20981806,"Boase, More and Lala",NONE,eba5a9f7-4895-431f-b934-187369cc6a01,22f0d7ce-1a67-406e-8cfd-39d32b758a61,SUCCESS,INACTIVE,c25093eb-c742-46f6-9c01-34ac47460f12,816.92,33.07,5.97,33.97,1649.08,36.14,5.84,805,443.07,18.81,830.03,1
5,Nikita,Venkatesh,anmol66@example.com,288558797,Female,26-08-1972,XL,Jack,B+,Arjun Divan,5277307005,973728,Jharkhand,Dehri,05-02-2026 13:52,Asthma,VIP,"17/116, Batra Ganj Aizawl-307077",City Club,53,10K,01f3ed48-a2e1-48d8-a2f4-6bf4eac0f424,8147713331,Dugar PLC,RUN20,a9e077aa-c2e5-44ae-9d64-e0a4ceee1566,85304b53-08f3-44dc-83b5-f8d632b36c6c,PENDING,ACTIVE,c192a85d-ef48-493a-b8ab-af55112d8708,902.27,35.31,5.87,62.01,937.33,28.1,7,1509.2,387.42,94.71,555.15,1
6,Rachana,Dara,hsur@example.net,3557199845,Female,03-12-1990,L,Chanchal,B+,Hardik Chaudhry,5481083613,946266,Andhra Pradesh,Chandigarh,26-02-2026 12:41,BP,VIP,"62/620, Karan Chandrapur-706537",Marathoners,35,Full,24e0f95d-8012-4675-8cd7-9aa726471cb5,209160750,Mani-Khalsa,NONE,9c23e09c-049c-46f5-a727-89835bc6556d,8d290399-991b-4a36-b494-1a9e37d47228,FAILED,ACTIVE,13f401d3-d29f-439d-bdfc-fea74ad563d6,939.82,27.23,1.52,20.25,1803.7,21.46,9.02,1680.81,345.55,59.48,672.71,1
7,Omaja,Hora,mmangat@example.org,4589301954,Female,20-12-1996,M,Megha,O+,Fariq Deo,6660718558,787387,Arunachal Pradesh,Nadiad,15-04-2026 13:11,None,Senior,"H.No. 69, Edwin Circle, Jamshedpur-223327",City Club,29,Half,eb622053-05a8-4a63-beed-f2b9c7dbc0c6,2583696619,"Narain, Pai and Mittal",NONE,b34c0cfc-83c4-4c46-b038-bb0075902216,c4bf9e36-fccb-4714-b3f1-30a927b5603b,SUCCESS,ACTIVE,c6fea92e-2037-4cf1-ac70-346fac6c515b,600.83,32.33,8.7,61.26,834.51,38.92,5.61,1457.01,124.02,23.96,1096.6,1
8,Vaishnavi,Patla,ydevan@example.org,9382110730,Female,05-04-1966,XL,Pooja,AB+,Rachita Bumb,3405409216,602588,Andhra Pradesh,Surendranagar Dudhrej,06-04-2026 06:41,BP,VIP,"72, Sandhu Street, Siwan-664875",Fast Runners,60,5K,1d8cbb15-bf5b-4401-a41e-c2d25cedd7ca,1014396595,Bali Ltd,DISC10,1163a67c-1dbc-4694-84c3-e3bc3cbedb85,1c0d0d6d-ec4a-4d3b-bacb-21a0e0319442,PENDING,ACTIVE,a34342dc-09dd-4b27-aac4-9849f98bd845,857.48,43.42,2.41,62.74,562.08,43.57,8.26,1082.43,380.07,91.85,1031.91,1
9,Yashica,Kadakia,rajagopalsiya@example.org,1359978094,Female,16-03-1985,XL,Raghav,O-,Yug Wable,6313768942,237158,Assam,Adoni,04-03-2026 22:32,Diabetes,General,052 Naidu Path Serampore 159575,None,41,Half,0013c008-5429-441c-a340-34fd9dab0642,1066017944,"Venkatesh, Bhalla and Sagar",NONE,ac0a096c-5964-42c3-805a-5f2d23086971,a47f4f46-05cd-4b21-9acb-1f48ed4bc039,FAILED,INACTIVE,2e9df7c8-7a24-458f-95f8-dc490440577d,1352.47,18.87,6.1,21.52,948.21,36.6,1.87,870.18,250.87,85.42,1456.87,1
10,George,Badal,chawlavedika@example.org,6269254898,Male,15-07-1992,M,Madhavi,O-,Ranbir Gulati,3494130743,463936,Goa,Naihati,12-03-2026 04:38,Asthma,VIP,"90/915 Dash Zila, Uluberia-515203",Fast Runners,33,5K,56c808f4-4a0a-426d-af95-f72879c91321,3821762818,"Shetty, Bhagat and Sankar",NONE,7a18ea1f-35b2-4e95-a1e3-0b706c7841d2,315ae67b-67b4-41cf-9aab-3e703b642c4b,SUCCESS,INACTIVE,9e5377d9-3186-4616-a01d-caef6025ce5d,1019.82,30.95,3.92,90.44,673.51,12.88,8.6,1585.37,292.77,22.29,1338.54,1
11,Ria,Ramesh,munifitan@example.com,4360349222,Female,21-10-1979,L,Champak,B-,Kalpit Tata,7625427598,58785,Mizoram,Bellary,11-03-2026 06:59,Asthma,VIP,"627, Shah Road Sri Ganganagar-204137",None,46,Full,8b613c7b-ace9-4881-8f80-8f21b6ac7fc4,2144787999,"Kapoor, Garde and Pradhan",RUN20,06df6080-3e24-4a60-8965-0f6f65b7e670,27202d63-7569-46e4-bc43-a1eba09bbf02,PENDING,INACTIVE,8779c30c-75cd-4cb3-9cd5-5a130d6a9ba6,744.28,46.85,7.72,14.17,918.9,16.9,5.56,550.87,300.1,27.19,672.99,1
12,Arjun,Sheth,sethividhi@example.com,889733798,Male,13-10-2004,L,Devika,B+,Mitali Edwin,4134318813,609465,Goa,Navi Mumbai,28-03-2026 01:42,BP,General,"251, Panchal Marg Tadipatri 129472",Fast Runners,21,Half,55b0c7de-4fa7-4ce2-86bf-6868a2de1f85,3888652991,Kapur-Anand,NONE,7b20872b-7ee3-4c95-a4b7-1ef8a166ca2a,f345c4e7-6a6c-4d27-bcc9-33c9250a8bb9,FAILED,ACTIVE,fae66f2a-3d46-483f-8ca3-b0646195008a,1171.49,16.01,1.29,86.83,1295.76,38.68,3.56,1204,147.42,92.19,683.64,1
13,Onkar,Grewal,jayaramanyatin@example.net,4898760956,Male,23-05-2006,XL,Oni,A-,Chatura Vig,5329096555,453146,Goa,Udaipur,04-01-2026 00:23,BP,General,"044, Anne Circle Hubli–Dharwad 062152",None,19,10K,b9802b8c-2098-420b-9798-306f8b73708d,9051065299,Chanda Group,NONE,2cd80f58-3c87-48ad-96e8-39a6250802d6,acbdd06c-447d-46b6-8ffa-c44ceeceadfd,FAILED,ACTIVE,2a7d8b2c-e33f-4ffb-a521-7f12f3558ee7,1442.44,35.81,4.37,73.16,1820.73,10.1,8.66,1824.09,389.97,65.2,1227.87,1
14,Balveer,Narula,manbir32@example.net,3199581749,Male,03-08-1977,M,Nandini,A-,Qasim Nayar,2989631011,266412,Chhattisgarh,Bhopal,07-01-2026 08:17,BP,VIP,"44, Ravi, Kollam-423506",Fast Runners,48,Full,f925a60d-7818-48ec-a848-f3cd18ff1cd8,7024223680,Padmanabhan-Chanda,NONE,464c2aac-9d97-458b-b7a7-17780652e415,9edddb07-2808-40de-8617-92c2a497e9e1,FAILED,ACTIVE,88387a83-5fb3-4fc7-862a-1df447c4882a,401.81,39.49,2.14,70.02,1235.49,14.83,2.67,2361.8,401.41,98.22,1234.3,1
15,Mitali,Palla,patrickkar@example.net,4647183222,Female,19-11-1978,M,Pavani,AB-,Parth Kant,1933682345,73683,Assam,Khammam,17-01-2026 20:34,Asthma,General,78 Kadakia Chowk Coimbatore 863429,City Club,47,5K,166447ba-009e-4a8e-987d-ef1cba47f479,4459418227,Chawla-Agate,RUN20,9b656da3-5d9e-4c6c-8b86-bf97e194b750,525f8146-9793-40ba-98da-876b2b055df4,FAILED,ACTIVE,af5fb02e-54b9-4a47-8a6d-6e9d184453ad,748.7,37.24,8.95,51.62,1408.5,6.14,7.12,2431.19,125.02,67.12,645.59,1
16,Dayita,Nanda,kandra@example.org,2621433062,Female,25-12-1965,L,Aryan,A-,Arin Mohan,1680925119,960875,Karnataka,Bijapur,24-01-2026 16:22,BP,General,"H.No. 66, Kunda Road, Kanpur 608149",None,60,Full,f12a4d43-1ea3-428b-a77d-d0e736dc1ce8,7609657311,Mangat-Kalla,RUN20,96c48153-4c93-4768-922c-aebacc47cc63,8ff8293e-682b-4228-848f-f409235028c4,FAILED,INACTIVE,54d3ac69-75e6-426f-9d1c-fabea08eef67,1097.03,28.04,5.94,14.63,1436.69,19.82,3.03,2039.09,422.6,57.57,382.58,1
17,Lucky,Soni,kantnoah@example.net,4041425541,Male,01-01-1971,S,Kiaan,O+,Triya Nigam,4098596035,324419,Meghalaya,Gandhinagar,29-03-2026 21:16,Asthma,Senior,763 Singh Cuttack-917736,Fast Runners,55,Full,acdfc8ee-0582-426d-8905-b95cd3f9d4a0,6355252097,"Batta, Roy and Krishnan",RUN20,5f0f76f0-5b1e-4428-88e3-cbcb73a7b26a,2858e4f8-2420-4d4c-993f-3c87bf572a6c,FAILED,INACTIVE,9d53f967-ea40-4ba9-a466-9f0e1e8b544b,1177.12,15.44,1.13,88.93,1133.35,5.54,5.64,2380.39,462.54,76.58,1163.25,1
18,Hemal,Chada,jdugar@example.net,4212485960,Female,15-01-1982,XL,Vrishti,AB-,Yamini Naik,4379713809,694715,Bihar,Ichalkaranji,19-01-2026 03:20,Asthma,General,"43/18, Narula Agartala 414284",None,44,10K,c0a4b7f8-8133-4651-9d0a-5805ee3f7e7a,7474094529,Virk Inc,RUN20,e153eab7-d892-4d12-8d70-36e1bea7210c,31d40dbb-7cba-4bc8-8f9b-ae53f77a2747,SUCCESS,INACTIVE,dd15a971-543a-4a52-a277-96e666bcd4cf,793.37,32.21,3.34,31.13,1112.54,7.97,9.78,2158.29,455.24,24.87,1245.98,1
19,Anusha,Sahota,dakshawalla@example.com,2496954552,Female,04-06-1990,L,Balveer,O-,Harish Ahluwalia,2160277185,938023,Meghalaya,Hosur,13-04-2026 04:47,Diabetes,General,"52/511 Ghose Road, Rajpur Sonarpur-155051",None,35,10K,7755d5b5-9b11-4fc7-97a7-c5f7f1287004,9817504931,"Bhargava, Gala and Mishra",NONE,c7477bde-65b1-4e34-8e6c-9611137dcfda,51198aac-92c0-4ac5-bcaa-8ccac8b2193c,FAILED,ACTIVE,01b29f68-be13-4559-a288-449fb8eac30e,1378.95,47.48,4.06,17.87,1531.94,6.19,9.15,639.55,110.58,63.36,710.06,1
20,Kamya,Dugar,radhakrishnaneesha@example.com,1906875963,Female,07-07-1980,L,Wakeeta,B-,Hritik Ratta,2611728126,961622,Bihar,Ichalkaranji,14-02-2026 05:13,BP,General,"14/990 Madan Nagar, Medininagar 755481",Marathoners,45,Full,9baa3265-2ee2-49fc-8695-bbc5e936a6ad,749139426,"Sachdev, Menon and Aggarwal",RUN20,21b34de0-9d52-4bbe-ae8b-be8aa4885fc3,32dad566-9ed7-48dc-8d16-5084e5ea4143,SUCCESS,INACTIVE,85fee687-8593-43b2-b00f-f841246f4c7a,998.4,36.96,5.5,39.22,1481.66,33.29,6.66,1969.02,180.44,75.86,1272.18,1
21,Wriddhish,Naidu,libni65@example.org,2570588046,Male,21-05-1995,L,Ethan,AB-,Gaurangi Ramakrishnan,6940053850,442605,Jharkhand,Tiruvottiyur,04-01-2026 00:40,BP,General,06/56 Kale Dhule-833294,None,30,10K,4f7d8d8a-de20-4775-9cbb-3e65a97af04b,4319215105,Ramesh Inc,DISC10,e29689ac-d12e-491b-93b7-3d11b4a59dad,f5c275d4-f90a-44e1-b8ba-49469edfa169,PENDING,INACTIVE,e3c70a4b-07a7-482b-ad9e-a8f68a3460c0,416.92,19.87,2.84,77.67,1172.15,18.58,7.68,1989.5,345.18,97.49,664.14,1
22,Triveni,Chand,dkaur@example.org,2669356785,Female,28-09-1996,XL,Gaurav,B-,Waida Dhillon,832158886,372848,Manipur,Muzaffarnagar,22-01-2026 07:28,Diabetes,General,"26/38 Dave Road, Rohtak-245623",City Club,29,Half,347a67be-dde4-418e-a7f5-864cb0081a6d,2402993502,Dugar PLC,NONE,87bcbbd3-9832-4177-a092-5633f40fcb89,9e8d5355-03e7-470a-82db-b798c395c9f5,PENDING,INACTIVE,6e0ca863-3849-4e04-8d77-446e32110f41,909.32,10.04,5.31,68.79,1901.12,25.15,4.1,668.16,457.94,23.21,828.52,1
23,Abhimanyu,Sankar,zilmilyogi@example.org,8285372457,Male,31-10-1978,XL,Warda,O+,Faraj Issac,2326566491,282962,Karnataka,Bokaro,11-02-2026 10:10,None,General,"H.No. 75 Chakrabarti Zila, Phusro 694753",Marathoners,47,Full,de36422d-1c52-40ca-9eeb-ce9793eb85a9,2915183064,Iyengar and Sons,NONE,edce3f62-bfdd-495b-a5fe-2ce75f8016f7,90669940-3298-4ea8-8719-147ac20ac3e3,FAILED,ACTIVE,27b6e6f9-2f94-403e-a3bf-89c153ff981f,878.45,23.98,4.5,45.36,812.53,48.96,7.71,1842.22,261.99,15.56,1158.96,1
24,Shaurya,Chokshi,crajagopalan@example.net,8495694848,Male,21-09-1980,M,Vincent,A+,Niharika Sandal,6055678111,545639,Kerala,Ballia,08-03-2026 21:55,BP,VIP,"01, Rattan Zila Medininagar-690242",City Club,45,10K,4d4c940a-b8d5-4c85-ae91-9b4054accc63,1042560017,Ramesh Inc,DISC10,51af45e1-5e40-4e8a-a541-5576859d1fae,f0798e51-d619-49d7-86dc-a7a1a6865e54,PENDING,INACTIVE,01a8917a-fae7-4aa2-ba53-089cf1c13566,355.52,43.78,9.84,28.79,1632.5,20.96,4.11,1576.99,58.39,27.98,926.55,1
25,Diya,Acharya,sarthak88@example.net,6024014143,Female,23-03-2006,M,Balhaar,B-,Jason Saini,3209644536,465779,Maharashtra,New Delhi,18-03-2026 02:15,BP,General,67/077 Rai Nagar Sikar-826262,Marathoners,20,Full,71031558-e7dd-4a93-9bfb-6e2da419fb58,9763709442,Edwin-Prakash,NONE,f1f09946-d7e2-4abd-8373-e13542506ad8,4030706d-1bfc-437d-9ab4-9f67ffd99c85,SUCCESS,ACTIVE,77ac3987-10d2-4059-84d5-7ba9657a4df6,370.47,38.32,4.67,83.31,977.91,25.85,7.06,1899.67,159.82,23.26,1223.7,1
26,Wazir,Basak,ishitamall@example.com,5587539540,Male,04-06-1990,XL,Chanchal,B-,Jacob Sekhon,1064020028,831079,Jharkhand,Kavali,27-03-2026 15:12,BP,General,H.No. 92 Ramanathan Ganj Saharanpur 284304,Fast Runners,35,Full,8a97653f-fe7c-488d-945d-4df319b0da39,5671390576,Sarma-Bansal,NONE,5a0d0266-e683-4f94-87ce-cf92f58ba4e3,e79b975e-10ca-45c9-aa69-f8ceebfe590c,FAILED,ACTIVE,c480367c-be9f-4dbd-aa29-555aee2979dd,1290.21,47.15,1.75,87.22,807.49,34.77,1.18,893.21,73.91,29.15,1234.85,1
27,Suhani,Garde,kavyaguha@example.com,3623598536,Female,11-04-2004,S,Ekanta,B+,Raghav Mani,336428233,769361,Jharkhand,Bhubaneswar,19-01-2026 13:04,None,Senior,"32/06, Sundaram, Anantapuram-293641",None,22,5K,909a4a7f-8486-492a-8543-6c98b2bdeddf,7986988169,Dalal-Uppal,DISC10,6d50722b-7b9a-4375-89eb-6d30af8ff1c3,002b7c7e-d46c-4c15-abac-af03bf044c95,PENDING,ACTIVE,513493b5-b341-4a06-a16e-d69cbdcf15b0,992.66,30.63,8.6,26.92,1371.85,23.69,3.61,2043.12,290.9,17.26,1251.14,1
28,Vanya,Toor,vedachowdhury@example.net,3975406885,Female,16-02-1992,L,Meghana,O+,Ishani Nagar,9943884828,405397,Meghalaya,Madanapalle,23-02-2026 02:59,None,Senior,"531 Kala Marg, Amritsar 988783",Fast Runners,34,5K,740d5ef1-06e1-42af-8d0c-ac1abc6e896f,4970928753,Subramanian PLC,RUN20,baf2c6af-2705-4057-b757-2e91d2c2383d,3a911616-f996-43e7-8058-79c85c897138,FAILED,INACTIVE,3add6dd1-8330-4e8e-a104-17cb98012c34,870.48,18.79,9.53,40.32,725.91,7.8,3.69,755.04,382.08,74.43,583.23,1
29,Jyoti,Dutt,chakradhar61@example.com,9714410613,Female,04-01-1970,S,Kritika,A-,Anjali Sheth,149262145,136684,Telangana,Anand,04-02-2026 00:05,Asthma,Senior,31/19 Roy Street Anand-554142,City Club,56,Half,9c11a811-8619-4529-bcce-8b68fc23b38e,5719320012,Gandhi Ltd,NONE,340701de-9024-4252-b6cb-a90fc7b703b2,0e0ce7e7-5b10-4e5e-ad3d-516a7d7c29bc,SUCCESS,ACTIVE,89bd7052-99f8-406a-9cf8-26af759b71a9,1183.44,10.69,9.1,24.89,803.53,10.94,2.03,2151.67,123.2,83.47,729.05,1
30,Chakradhar,Zachariah,indalidara@example.org,4682436087,Male,18-03-1969,L,Jeevika,A+,Meghana Ramachandran,1713893396,83492,Nagaland,Kollam,28-01-2026 09:34,None,Senior,"41/280 Jaggi Path, Gaya 944651",City Club,57,Full,ed0c80ed-59f2-437e-8d9c-4762b86a4e07,9922781324,"Bains, Sankaran and Borah",DISC10,94fcd31a-4631-4dc1-8bb7-9bb099423f1b,a050521a-7f02-4b7c-a5d4-647ba783a495,PENDING,INACTIVE,f94778c5-9df6-41af-9c01-2da8d6d8595d,1176.62,39.7,5.43,52.37,1121.47,23.37,5.54,590.82,150.1,65.17,1028.39,1
31,David,Palla,chanchaltata@example.org,5166981636,Male,09-05-1992,L,Inaya,O-,Noah Minhas,6335043203,142544,Meghalaya,Vasai-Virar,07-03-2026 03:40,Asthma,Senior,"57/155 Bassi Path, Barasat-434402",Marathoners,33,10K,3d840b16-fdd7-47f4-8306-3848e686b18b,3838340935,Manda-Minhas,RUN20,76db1f48-5d7b-482d-ae3a-cd08d5ef4891,602bd5f9-d44c-4552-936b-628a6f32be1a,FAILED,ACTIVE,a8fc4e0d-2cae-4be0-971c-9d06bf03ddab,550.84,40.81,7.14,50.86,1906.22,18.07,9.86,1098.38,92.06,98.64,1167.43,1
32,Ishanvi,Mann,indirachoudhury@example.com,7907294755,Female,29-08-2003,S,Deepa,A-,Fitan Tandon,6498688636,746864,Arunachal Pradesh,Ratlam,18-04-2026 03:03,BP,Senior,"H.No. 294, Gola, Kulti 475845",Fast Runners,22,Full,6e50d8d9-0d80-4d9e-a0c1-6acd78d63b31,3677960321,Sagar-Soman,NONE,c7794f38-1e40-4443-9a1d-11c9794df1ce,8d009e40-1327-4287-aa9a-cde5d0b4b05b,SUCCESS,ACTIVE,a753dea4-8e3e-47fe-af82-5ae7c733f317,1382.34,33.05,2.06,77.18,1633.59,42.81,5.2,1636.74,331.98,54.36,1385.02,1
33,Aarush,Behl,tarak22@example.net,2570032381,Male,10-11-1976,M,Widisha,AB-,Janaki Basu,8243032288,382134,Haryana,Kanpur,10-04-2026 07:20,BP,Senior,"H.No. 470, Shanker Circle Haridwar 848378",Marathoners,49,Full,60dd61a2-55eb-45ab-bd57-f23c82560603,9384223695,"Vaidya, Thaman and Dugal",DISC10,915aefc2-7ff9-41bd-afec-640e4c365453,3d4bcbc6-2edb-43e3-a614-696d781eb6bf,SUCCESS,INACTIVE,108b7a48-a8ff-4097-a43f-26b3735d408b,683.18,47.17,9.46,30.15,1246.95,45.07,7.32,2136.18,406.45,61.3,321.99,1
34,Anirudh,Mutti,rajudominic@example.net,3581067358,Male,11-02-1997,S,Qushi,AB-,Leela Nagy,7648999307,973755,Punjab,Patna,17-02-2026 18:42,None,VIP,"39/268 Raghavan Ganj, Udupi-500508",Fast Runners,29,10K,1252fbfa-3ec9-4d13-8a4a-1c89b9a1f0bd,5078594007,Deep-Saraf,DISC10,5e7bfa23-4f33-4208-bd0a-09889e25e94f,976700e8-cbfb-4be2-85a8-2de801c49e5a,SUCCESS,INACTIVE,acca7b75-03f3-46ef-9047-125524244fe6,489.14,12.7,1.52,71.41,1201.68,16.42,4.57,1084.45,456.04,74.27,1190.33,1
35,Zarna,Randhawa,edwinyamini@example.net,1063661388,Female,23-11-1965,S,Mekhala,B-,George Bedi,9890982937,771300,Tamil Nadu,Gangtok,02-02-2026 06:19,None,VIP,"H.No. 14, Sekhon Zila, Chandigarh 644360",City Club,60,Full,6316c3a3-2da6-4318-ab8d-637830ba1d5e,3256102015,Chandran-Taneja,RUN20,34ecfb91-665c-46d4-be54-345f80d56026,c4cc575b-bbaa-4215-a756-2d8375eedf0d,FAILED,ACTIVE,4ecca25f-501d-4e07-bead-574ae2694273,1113.98,36.42,6.92,42.4,1562.95,29.08,5.29,2205.66,167.07,39.41,1346.1,1
36,Yashica,Raj,wakeetachacko@example.net,6777747504,Female,01-08-1995,XL,Arjun,AB+,Advaith Chandran,2443687336,141167,Karnataka,Nagaon,20-01-2026 01:11,BP,VIP,"19, Karan Ganj Shimla-692789",Fast Runners,30,5K,7e6882bd-c2d6-4ada-9be3-bef4a51e7df0,7445932191,Lata Ltd,RUN20,8ed39278-c402-4035-8b06-987d58fe0b92,8e8ca81e-651c-46d2-bc68-fd74fa243a6f,FAILED,ACTIVE,e64a9d2c-7ca0-4866-8b0d-3793f2d9ad9e,442.44,13.24,7.67,25.94,1965.73,5.25,5.07,1422.85,332.98,66.8,1179.49,1
37,Madhav,Ben,mahalbhavika@example.com,3045767438,Male,20-11-2004,XL,Warjas,AB+,Prisha Raman,8133004681,420023,Andhra Pradesh,Ramgarh,26-02-2026 09:20,BP,General,"H.No. 10 Venkatesh Marg, Thane-191518",Marathoners,21,5K,8c658fdd-33f0-430b-8d14-0918af96c82d,8171713296,"Raghavan, Mane and Misra",NONE,5bf1f0d5-a2d8-489c-a244-c02a0633ae9e,4fdf050e-8a47-4ee5-b44d-cb930bc63e30,SUCCESS,ACTIVE,b1e4a0b2-6e10-4db7-9889-cefdf6c22d83,1302.67,45.96,2.49,21.5,1100.18,32.85,9.21,1812.14,318.08,60.49,483.16,1
38,Radha,Mitra,aryan17@example.net,9763240785,Female,07-05-1995,S,Onveer,O-,Aishani Saxena,5765888331,587032,Odisha,Orai,03-02-2026 23:11,BP,VIP,"H.No. 26, Kala Marg Hospet-333925",Marathoners,30,10K,8b8f87ec-3673-496b-81e0-3c185d669819,2481628990,"Pal, Dhillon and Menon",NONE,7d668eb1-623c-45f1-a410-b300814aa43b,fdf0adce-10c1-478b-8219-3b558adb95c4,PENDING,ACTIVE,f37dc06e-14f7-409b-bfed-a943c2689133,667.25,27.43,1.34,21.31,1780.44,16.51,7.8,1991.54,474.94,82.02,401.79,1
39,Lajita,Nayak,faqid73@example.net,2448508224,Female,07-08-1984,XL,Balveer,AB+,Janya Chaudhari,289468461,315462,West Bengal,Shimla,11-01-2026 22:04,Asthma,VIP,05/16 Manne Street Bhiwandi 081803,Marathoners,41,Half,b74e7f6c-1ef4-4933-b421-ec90dd5b1300,7066093060,Chahal Ltd,DISC10,93aaab5d-0c61-453f-a3fb-a27739aa14f4,45150e46-c822-4e2b-91fc-6adb0e5e5ee3,FAILED,INACTIVE,3ab65112-f729-4fb3-b144-f5c259a7d345,1293.63,40.99,1.82,44.67,1379.87,23.55,4.09,871.95,239.75,24.33,1303.02,1
40,Irya,Das,goelpatrick@example.org,7264589343,Female,01-11-1965,L,Megha,O+,Isaac Lata,7653262757,450401,Tripura,Rajkot,10-03-2026 00:35,None,VIP,"H.No. 81, Nadkarni Road, Jodhpur 200246",Fast Runners,60,Full,11852bc5-d56f-48cd-b75e-c5c11dc5f020,19245771,"Dugar, Dhillon and Kaul",DISC10,ef80673d-4450-4410-ac23-2e7de49f22b8,c807c360-8182-4844-b861-fabd53f10d3b,FAILED,INACTIVE,39abd90f-f56f-4bb4-acbb-779735c922be,816.59,25,8.23,50.99,1278.42,45.61,7.56,1514.45,179.37,14.49,735.81,1
41,Pooja,Manne,dayita33@example.org,7431971368,Female,20-10-2003,M,Harshil,A-,Udyati Wagle,8728459375,900497,Rajasthan,New Delhi,17-02-2026 19:47,BP,VIP,"166 Ramakrishnan Circle, Thanjavur-720395",Fast Runners,22,5K,2aa5b652-1e87-491f-bac1-b29b743c3c7d,8366295687,Bath-Rana,RUN20,8a6919f0-71f4-4601-9027-14012c0ea97e,57b2ae57-8e7b-42d6-a466-74f23ff427a8,SUCCESS,INACTIVE,08b0883c-6616-4ae8-b658-762e9912f534,456.81,17.81,4.84,12.55,1089.46,17.24,2.2,1988.52,235.66,44.75,1225.52,1
42,Anika,Ghose,mbassi@example.org,6457676581,Female,14-03-1999,S,Om,O+,Sai Sule,6114183429,144944,Karnataka,Sangli-Miraj & Kupwad,06-02-2026 08:46,BP,General,35 Sandhu Zila Baranagar 913799,City Club,27,Full,c8c08fe0-b2eb-4879-8914-f9705f5ad74b,9417020441,Loyal LLC,DISC10,31cd6226-d72b-49d1-96e0-06255e21bd5a,eaa687a1-bcce-438e-81a3-5897b189af3b,FAILED,INACTIVE,1e18afbf-60a5-4331-a4f5-fa68a21995da,543.86,38.76,5.93,43.25,1476.98,29.2,2.8,2199.2,305.29,22.8,419.09,1
43,Rehaan,Banerjee,roycharvi@example.com,7603952150,Male,13-07-1981,S,Rajeshri,A+,Jeet Sankar,8123749697,142667,Chhattisgarh,Surat,09-04-2026 09:42,BP,VIP,"H.No. 605, Morar Ganj Khammam 331434",Marathoners,44,10K,c731d055-12f4-4bfb-9af4-6dc006b464ec,8528532548,Rattan-Kanda,NONE,79487a2b-80a5-419a-a8e6-71dadefcd63b,996beb07-e112-4445-8051-b7a185a5aca2,FAILED,ACTIVE,5fa751f4-6837-4534-bd1b-9fe4ef67fb8b,649.41,49.06,8.18,47.87,1504.75,15.52,3.32,1676.56,210.16,22.2,403.06,1
44,Brijesh,Chaudhary,guneet86@example.com,6495804640,Male,10-10-2004,S,Nicholas,O+,Megha Bhargava,6101275752,910287,Arunachal Pradesh,Pune,24-01-2026 16:53,Diabetes,VIP,"98/759, Koshy Chowk, Tumkur 614166",Marathoners,21,5K,78c77dc6-1f2c-4816-90a8-4c1a5141e58f,3387121360,"Palla, Bala and Chad",NONE,0bf01b21-2ee0-4c56-b329-57b07086f935,9283fb4e-29fd-4347-809d-bb9a2b3942a2,PENDING,ACTIVE,29cc0edb-b866-453f-a68d-ba60424f86df,542.77,28.66,1.67,93.02,1661.64,27.06,7.12,2352.91,126.88,72.02,428.31,1
45,Ucchal,Bhatia,grewalgarima@example.com,826971246,Female,18-10-2002,M,Udant,B-,Utkarsh Bath,1928706154,469484,Manipur,Dehradun,23-03-2026 12:30,BP,General,H.No. 61 Chacko Ganj Phagwara 936993,City Club,23,Half,2d143ce3-9a30-4602-aec0-f94639fd0e1a,3879909331,Basu-Chauhan,DISC10,1e250aa7-6151-46c7-a26c-491b941ddef0,4e107bb5-ae80-4040-ba67-63be427e1277,FAILED,INACTIVE,d98a1508-a748-456e-893e-75444d3233a4,1151.38,26.91,9.08,54.43,501.71,7.53,8.15,2096.41,415.84,26.45,903.01,1
46,Pahal,Kannan,shivansh03@example.org,5523195718,Female,10-02-1968,M,Kashvi,B+,Fiyaz Ahluwalia,1091211754,785219,Himachal Pradesh,Rajkot,15-02-2026 01:14,BP,General,"H.No. 10, Badal Nagar Thane-315106",Fast Runners,58,Full,0422dfa4-b628-42c6-b894-06ec424bfb70,43733542,De-Muni,RUN20,cfc43d5f-51f4-4610-82e3-a8ffd3cdc906,cc96dca1-f5bf-43ea-a1af-342a43c47324,PENDING,ACTIVE,f1b0c801-e2cf-42a0-a8a0-45047e235732,372.74,17.09,2.48,75.77,1715.34,31.49,7.27,1818,198.9,22.22,661.99,1
47,Hemal,D’Alia,khoslarachita@example.org,3943830237,Female,29-02-1996,S,Dayamai,B-,Isha Parekh,1736168796,553507,Arunachal Pradesh,Nashik,07-01-2026 04:42,None,General,H.No. 406 Bumb Chowk Navi Mumbai-746306,City Club,30,Full,39013a2a-7860-4e8e-8ba6-d550fa394500,316964695,De LLC,NONE,d6aca1ce-8b5f-46fb-9f78-c294ede4d062,693c39ff-8c2f-4432-8e88-1be9de0b0ef0,PENDING,ACTIVE,38024bc3-c6e2-4e61-be9e-293653096ab2,1232.8,17.65,3,26.62,1440.95,15.11,5.54,1677.83,125.78,20.22,358.23,1
48,Nitesh,Jaggi,yatinbhalla@example.org,944297982,Male,23-08-1972,XL,Indrajit,O+,Yashica Salvi,6826934319,12053,Nagaland,Burhanpur,03-02-2026 02:40,Asthma,Senior,"96, Chhabra Circle, Maheshtala-800328",None,53,10K,52151f15-f7e1-42e0-8084-916d1aad2373,4190295171,Rama Inc,RUN20,98d15fd6-7968-4d44-aed8-9db8277dbcc1,9edfbf0d-b32d-4883-80d2-5e2ff1188a43,FAILED,INACTIVE,5ba50ac3-f75d-453c-b2b9-f973b75b1c38,761.76,23.14,3.85,66.03,1316.3,16.37,3.83,814.27,212.17,11.02,631.36,1
49,Gayathri,Prabhakar,varshavirk@example.org,5883063597,Female,26-05-1975,S,Sathvik,AB-,Mitesh Balakrishnan,9221974848,871707,Tripura,Karaikudi,12-02-2026 18:41,None,VIP,"H.No. 04 Kuruvilla Nagar, Dehri 357695",Marathoners,50,Half,1b6658da-50a0-4bac-9298-e273c24e8082,1976750841,Pall-Kari,RUN20,660bc9f1-c26f-48a8-85e0-8ec8332fc0da,90a3a8f2-912a-41d8-8f99-4ca3582a436b,SUCCESS,ACTIVE,9fe178b2-a2d6-42ff-a648-b659c7c7d4aa,1050.18,17.32,4.8,97.45,874.06,31.86,7.29,591.12,474.17,16.78,386.6,1
50,Dev,Hora,sodhijairaj@example.net,5327926595,Male,30-11-2003,S,Vedant,A+,Gaurangi Minhas,963578523,373208,Sikkim,Adoni,17-01-2026 01:48,Diabetes,VIP,263 Balay Road Kamarhati-985552,Marathoners,22,Full,da6a4f43-e0d0-4682-a6b2-0a8b447e91a7,1504385362,"Varkey, Ganesh and Narula",NONE,3a531ce3-2f7d-4e91-86db-cdcb7bb2218a,559704d0-bba7-4e0d-9202-fb405815a5ae,SUCCESS,ACTIVE,09bb985a-1d8c-4785-8c37-a1f5133a0010,1429.02,15.91,7.63,73.02,1621.13,39.83,6.37,591.43,89.23,81.28,586.47,1
51,Panini,Merchant,urmilad@example.com,2403469420,Female,17-08-2000,L,Chakrika,A+,Vedant Raj,7977798933,519092,Mizoram,Agra,07-01-2026 21:12,Asthma,VIP,"41 Gandhi Road, Kamarhati 280251",Marathoners,25,Full,7f1c3700-eadf-494f-ad2a-c960d3c8162f,734061849,Thakkar Group,DISC10,d9f04887-16b6-4c4e-aea2-cfcc2906bce0,a12f1879-d19c-466a-8395-5b2fc3235452,FAILED,ACTIVE,8e2632ca-be15-46fa-89b3-22c994ebe2fe,393.33,29.64,8.8,62.66,1739.3,5.1,4.75,875.1,387.59,26.66,569.68,1
52,Akshay,Kuruvilla,amarasangha@example.org,1694217482,Male,08-11-1978,L,Meghana,A-,Yashvi Balakrishnan,1636306250,589401,Tamil Nadu,Chennai,16-01-2026 17:35,BP,VIP,"26/767 Srivastava Ganj, Lucknow-952074",Marathoners,47,Full,c014c973-f596-43c7-9abf-db4f23251462,8741296672,Rajagopal-Sandhu,RUN20,0c0f1222-4cad-4963-bd4d-78c996c8531f,d8e9d2ae-aa78-4deb-bc2b-2b0780945850,SUCCESS,ACTIVE,8395a03e-b055-4942-ad78-cf7345e3d1f5,1479.21,30.17,8.63,67.27,1270.67,22.83,9,1399.03,365.67,41.88,403.44,1
53,Nitesh,Aurora,ekanibasu@example.org,2074685916,Male,04-08-2007,M,Charan,B-,Qabil Bera,5561295900,512362,Goa,Varanasi,13-03-2026 07:02,BP,General,09 Dora Marg Dindigul-758142,Fast Runners,18,Half,3d16d150-5e28-48e9-9556-067f89b373d1,4310538468,"Choudhury, Sahni and Batra",RUN20,73c33b90-74fa-4a69-8fb8-4cb29ba215dc,42896820-f7bd-4229-a3b7-2b6c7e7cb704,PENDING,ACTIVE,55f7391b-6f8f-4bc6-b0ee-2a03ad5ea7f9,604.37,17.14,6.66,26.16,1379.15,38.96,3.73,2121.83,450.87,34.28,1107.95,1
54,Ekalinga,Devan,ranveermurty@example.com,2456892544,Male,06-10-2007,M,Kiaan,O-,Champak Dey,6180384607,793916,Mizoram,Darbhanga,15-03-2026 07:34,Diabetes,Senior,"73/69 Badami Zila, Navi Mumbai-065957",None,18,5K,036735b1-b4ce-4a8f-a3af-a578d175997a,8782122535,Deep Group,DISC10,6a2aeb47-07ee-4817-a234-8b8bdca6234b,8a91e794-812a-473f-995f-a3dc1f783470,SUCCESS,INACTIVE,9130ce2b-ff11-46d5-817a-8370fd5c2b8c,919.87,31.47,8.73,31.61,569.81,31.44,9.06,1649.23,190.86,28.91,1187.78,1
55,Hema,Bal,vyanjana36@example.org,6070144759,Female,23-08-1973,M,Gauri,B-,Harita Choudhry,6351960274,829228,Himachal Pradesh,Nagercoil,28-02-2026 23:22,BP,Senior,"678 Narula, Dewas-239470",Marathoners,52,Half,9708d667-e76b-49b9-aac7-05c0ba1dece5,8573133219,Lal PLC,RUN20,a4840055-a0ba-4e43-8abd-939c12a272c4,2da28113-d47b-4472-9273-bfd57f93a154,FAILED,INACTIVE,4f8adfd6-7a43-4506-98ae-374bf1d04e90,534.15,15.25,2.75,76.8,854.94,47.53,3.21,1721.72,159.29,86.57,319.24,1
56,Triya,Modi,omajamore@example.com,5416835667,Female,19-03-1990,L,Bachittar,O-,Netra Sani,8258531732,554285,Odisha,Buxar,30-01-2026 17:54,Diabetes,Senior,22 Dugar Chowk Bhind-019680,Marathoners,36,5K,15add171-6837-4b94-8a07-cabe0a829baa,8754747332,Sidhu-Sheth,NONE,a0f0f329-4ac9-4155-b4dc-0c34e89f9f58,5f0cbade-54be-41e9-bf2c-3b462ecc113e,PENDING,ACTIVE,b4262cd8-ae4d-413e-b582-a6cbd790b6d8,1184.31,31.17,9.7,14.88,1968.75,19.51,8.1,1718.04,147.4,36.82,1189.51,1
57,Pavani,Sathe,jagviagarwal@example.org,7084220122,Female,25-03-1983,M,Mason,AB-,Kamala Gola,5154370852,772255,Arunachal Pradesh,Rajkot,30-03-2026 06:50,Asthma,General,"45/54, Tripathi Nagar, Meerut 683681",Fast Runners,43,5K,db18c4a2-d093-4dfa-96bd-a9258d5bc7a4,3213302235,Sangha and Sons,RUN20,9605a739-4251-42c1-b570-a12c56e07eaf,1f78095c-d53b-4249-a4c8-1346620817f4,PENDING,INACTIVE,7e04ee18-b58c-44dd-a09d-7cfda57d2449,1330.19,44.89,4.51,22.04,1000.26,33.8,8.45,2370.17,292.29,50.54,464.3,1
58,Balhaar,Dixit,netra19@example.net,6126167421,Male,23-04-2002,L,Sara,AB+,Nihal Hayre,9751354524,961558,Jharkhand,Sasaram,10-01-2026 18:55,BP,VIP,"H.No. 08, Edwin Marg Patiala-263268",Marathoners,24,10K,dd6a22ae-38d4-43ea-be99-e3e1362021e0,1878795615,"Sama, Sane and Loke",RUN20,d3206ce0-f613-40dc-9032-b2475f64e762,8088eff9-c98c-4ff1-a6bd-022279d4b6f0,SUCCESS,INACTIVE,43ece4f9-1ecc-486a-a944-657f928b3d2d,901.92,29.24,1.76,57.91,773.96,40.59,7,1251.01,73.01,58.68,618.07,1
59,Harrison,Sabharwal,bavaurvi@example.net,8000731660,Male,11-05-1974,XL,Siya,AB+,Gunbir Ben,725757442,16838,Madhya Pradesh,Singrauli,11-04-2026 10:33,Diabetes,VIP,53/783 Boase Zila Mirzapur 569340,Marathoners,51,10K,446e279b-b729-4a49-8bba-14926ee988e4,1523761810,Pillay-Deo,DISC10,72a8a4f4-82eb-4fa1-9ae2-950a119578cb,01f2708e-3f29-41f0-b5e5-bac7d338a38d,SUCCESS,INACTIVE,f57996f1-1cc0-4329-b226-b3aaf293ef4a,303.66,32.31,6.28,29.87,1698.3,22.35,2.5,1211.8,370.22,35.99,689.22,1
60,Gagan,Bhakta,mittermeera@example.org,6584720986,Male,30-06-1977,S,Dev,B+,Yashoda Halder,9008316175,188870,Madhya Pradesh,Jaunpur,02-03-2026 07:23,None,General,322 Nori Circle Agartala 316605,Marathoners,48,5K,3fcade7d-3155-4911-985b-6d0a8742a99e,2773449080,Suresh PLC,DISC10,138ad2e3-171c-4568-9199-3839aabf27b0,e67ed7c6-4e69-4ae2-81b6-29de111558f5,SUCCESS,ACTIVE,4bcf67f8-1a3e-42f9-973c-394a6aaa6aca,568.85,23.2,1.88,12.21,1258.06,20.17,7.25,2330.88,96.65,12.15,719.35,1
61,Niharika,Seth,vanya89@example.net,3720539943,Female,09-02-1998,L,Prisha,A+,Panini Mukhopadhyay,2198110181,381132,Nagaland,Chennai,16-01-2026 04:43,Diabetes,Senior,"328 Bora Road, Jorhat-389508",City Club,28,Full,f9aec850-191d-447e-81e1-513d48a4e289,7984855021,Wali-Anand,RUN20,a4c19f15-fe90-4008-9760-a1681c8709b3,aaafa1c6-c5bb-4073-a9dd-b0b38a044191,FAILED,INACTIVE,c7aa29a6-3321-4026-ba3c-355886357f0e,1333.23,33.19,2.54,62.41,1976.66,16.91,2.81,2087.81,108.98,64.06,1052.3,1
62,Tripti,Warrior,bhanumatimukhopadhyay@example.com,2803812343,Female,10-11-1995,M,Manthan,AB+,Isha Singh,897993684,591150,Chhattisgarh,Rohtak,21-01-2026 22:48,Diabetes,General,"735, Das Circle, Giridih-133399",Marathoners,30,Half,388da1bd-db58-42a1-887c-8d6eb4adb06f,3728043126,"Bath, Kala and Kunda",RUN20,355b16e6-cb30-4ca7-aee6-bdd4c7d932af,a84fd409-1250-4cc2-8adf-ceba6d1d1c4c,PENDING,INACTIVE,191468dc-b42f-4cf7-8e65-c0505572e7c5,900.96,35.08,4.72,14.2,881.26,48.07,2.29,1837.19,59.16,36.44,1406.25,1
63,Rudra,Johal,maxdubey@example.com,469111397,Male,31-08-1983,S,Ekaraj,B+,Arjun Ratta,9789890388,263468,Maharashtra,Dehradun,02-03-2026 20:39,Asthma,VIP,"H.No. 989 Kala Marg, Jabalpur-549886",None,42,Half,60f96455-7e93-41f9-b400-97ee5b671e45,9434281208,Kannan Ltd,DISC10,840a51bd-e381-4db4-92ff-6554138c1121,7dfaab30-685b-4d64-9956-a31a24e176a0,SUCCESS,INACTIVE,3e4269c3-c8fc-450c-b96a-b39364b86c3f,682.66,26.27,9.5,26.03,1322.7,38.35,2.12,1953.95,364.41,71.47,1110.67,1
64,Anya,Dube,rvohra@example.org,1904559829,Female,03-05-2002,S,Eta,B-,Vasatika Ganesh,7345369509,9578,Gujarat,Sikar,09-03-2026 09:35,None,Senior,"76/801 Sama Ganj, Solapur 242436",City Club,23,Full,d35c7ff5-ccf8-4a63-bef4-7930048151b3,8051072639,"Basu, Nayak and Shere",RUN20,e6194f80-e8ac-4cfd-b240-22d6e9d23563,90e7e588-0731-4607-916f-e0b3fc72b5b8,FAILED,INACTIVE,7d5a880b-ec43-437a-8dd7-fe730f6932dc,1141.66,41.84,7.36,30.47,1553.77,6,1.49,1034.91,83.62,86.85,946.59,1
65,Madhavi,Rajan,bshenoy@example.org,8262311826,Female,02-03-1977,XL,Ryan,AB-,Brijesh Pau,1688001663,14209,Chhattisgarh,Bhopal,26-03-2026 18:09,Asthma,Senior,"H.No. 51, Walla Ganj Thrissur 572630",None,49,Half,dcbc3b2d-f72f-4e48-a9f0-d6fc1364a5ee,610969934,Sura Ltd,NONE,a0b31997-27d9-4b4e-a931-dcc8c2c7c353,830f5190-bb4c-41f3-a724-551831e68fc6,PENDING,INACTIVE,01510b31-97e1-4db4-9bd7-c68c3aa7c9d1,672.04,11.73,4.88,63.08,948.99,15.33,2.04,541.13,56.13,91.3,905.8,1
66,Reva,Buch,barkhagola@example.org,3388660222,Female,18-02-1990,S,Hredhaan,O+,Bhavna Khare,5058977961,236940,Madhya Pradesh,Jalandhar,26-03-2026 23:02,None,General,36 Dayal Ganj Bilaspur-767288,Fast Runners,36,5K,715f93d1-01e8-475d-8d23-fea27d017b10,6734078320,Kuruvilla LLC,NONE,48bae883-9ba9-4a8c-92a3-0f89468d28cc,749ad4d4-7a92-407d-9c69-36c5802db968,SUCCESS,INACTIVE,77eec300-137c-47bc-8223-7c4461ea7f61,856,31.12,2.11,72.8,1409.58,21.65,1.8,2035.36,327.49,47.66,768.28,1
67,Daksh,Prakash,amody@example.com,5032092415,Male,24-06-1996,M,Waida,B-,Lohit Bhatti,8326841795,834359,Tripura,Singrauli,06-01-2026 07:52,Diabetes,Senior,H.No. 56 Naik Marg Rajahmundry 282673,Fast Runners,29,Half,8d393c36-258c-43f7-acde-c9277f276f59,2339889965,Golla Inc,DISC10,73e85a0f-2c7c-48ac-84f9-dc196ff2713f,759214a9-26d5-4882-a0e7-aabc5ed025a6,FAILED,ACTIVE,1df3c964-4ba8-4dc0-8af6-02d38cc2966a,593,15.76,8.06,71.26,1782.32,45.58,6.4,2004.06,130.84,35.47,1190.47,1
68,Rachana,Mukhopadhyay,vrindaraja@example.com,2509610156,Female,15-10-1973,S,Libni,A+,Manbir Sura,3397689991,854398,Punjab,Kolkata,12-04-2026 01:07,BP,General,"99/268, Balakrishnan Nagar Barasat-838351",Marathoners,52,Full,156fbcde-4b4a-4ea5-a702-d49f03881284,2507597136,Sarin-Agarwal,DISC10,27cf4a3b-eb89-470c-b476-e3585703c4c4,a65c5b6d-0020-47f2-9579-03920dc986d1,PENDING,INACTIVE,8fcbb4c5-534c-47e3-ba98-e835fb63b56e,810.72,11.99,3.46,15.71,1747.43,23.3,9.73,975.51,481.32,91.43,597.71,1
69,Chaman,Gill,framesh@example.com,318476567,Female,24-04-2007,XL,Jagrati,A+,Ikbal Mander,8973397960,334231,Mizoram,Guntakal,15-03-2026 15:00,None,Senior,"60/520, Gandhi Buxar 567048",Marathoners,18,Half,069dd2c4-4236-418d-906f-4a52174b33a6,4737690969,Basu-Bajwa,NONE,df4bc366-600a-4c62-af67-23d8a90022b5,8fc77d11-cd61-4ffd-8c21-3dd7aa9b8ca4,PENDING,ACTIVE,a21b5b07-33cc-4f12-8926-b1959ce5f44f,1435.22,24.42,2.25,66.74,721.19,17.79,5.27,1028.94,219.47,28.73,344.42,1
70,Anita,Nayak,kchhabra@example.com,2963025782,Female,23-09-2000,M,Rajeshri,A+,Neelima Kant,1857870623,929157,West Bengal,Jammu,22-02-2026 22:20,None,Senior,"H.No. 721, Dubey Path, Saharsa-662875",City Club,25,5K,5c41c739-03fa-4cc3-b622-01ba5875dfa4,7107505440,"Dash, Parsa and Bhattacharyya",DISC10,2e03668f-804e-4b4b-8009-c49562256590,86a2bbc2-175b-4144-9292-7431a07243d8,SUCCESS,ACTIVE,710b5225-d9c5-42ba-b638-e1efcb1c4f4d,899.85,24.95,7.24,88.73,1822.49,41.42,3.39,798.84,196.62,78.47,594.88,1
71,Samuel,Bhargava,doshinitesh@example.org,5571041531,Male,20-02-1967,M,Om,A+,Zinal Pathak,3172838032,429518,Goa,Davanagere,25-03-2026 09:10,Diabetes,General,850 Zachariah Marg Malda-539531,Fast Runners,59,10K,63aee954-67b6-4698-aaa0-70605cab72a2,381054324,"Dey, Venkataraman and Pillai",RUN20,0d8b8ff7-7108-41cb-b13b-ab0e8f7687a6,122a558f-7ef5-47e3-8693-ce2453c6042f,SUCCESS,ACTIVE,53466f9a-f327-48dc-8979-b58566b5763e,422,43.23,1.29,29.41,1490.22,34.59,7.34,2106.21,243.47,88.26,1091.78,1
72,Arjun,Muni,bhavyacomar@example.com,2020585125,Male,14-12-1987,XL,Neelima,B-,Tripti Mann,8362265489,889433,Haryana,Kakinada,07-02-2026 17:56,BP,General,"H.No. 882 Nazareth Nagar, Gopalpur-312522",Fast Runners,38,Full,39626e55-0db6-4eb9-b27b-08094bb0687e,428506702,Walla Group,DISC10,dc0ccfd3-c1c2-4c24-91a6-0ee624a3b803,e1a2c547-2037-4021-9549-564db209fb7f,PENDING,INACTIVE,586ac339-2c6c-4217-a943-bae3eb17d631,497.26,15.11,1.59,28.95,1626.7,32.81,5.66,1324.09,79.85,66.77,1324.31,1
73,Nitara,Srivastava,ndivan@example.net,9386594435,Female,21-05-1985,M,Yahvi,AB-,Kamala Warrior,6472108568,307358,Tripura,Bhusawal,09-03-2026 04:27,BP,General,88/03 Kurian Nagar Tadepalligudem-611051,Fast Runners,40,10K,eedee16d-7c9f-4aa9-8bdf-b3c13ec3bdf8,7350487631,Char Ltd,RUN20,f61a01cb-20a4-4368-a8a4-6db4cb4aa483,42a0d227-70a6-44f6-bd94-54771a8b8fdb,PENDING,ACTIVE,646499b8-d753-4fdc-9837-b3744b0b2dbb,454.38,31.69,4.28,93.98,1926.57,33.14,5.04,622.41,465.05,13.34,808.53,1
74,Jackson,Bedi,kdhingra@example.org,918816974,Male,15-10-1987,M,Nakul,AB-,Aadi Luthra,8171620315,823132,Uttar Pradesh,Junagadh,08-02-2026 12:47,Diabetes,VIP,"H.No. 52 Ganesh, Silchar 998383",City Club,38,Full,46eb06af-15ef-4174-8b69-4d1b91f78046,4113979243,Dar Group,RUN20,8672dadf-fef6-4255-bcb7-f1df72f4202f,50a71be1-3031-4939-bbd3-fe3a318a9c71,PENDING,ACTIVE,e1a0db73-e38b-4b4c-af77-64a17dc45d8b,404.33,25.6,4.5,13.75,996.48,33.33,3.03,946.7,117.35,61.08,376.35,1
75,Saanvi,Desai,rajeshrinagarajan@example.com,4638096356,Female,02-04-1972,M,Neha,O+,Rachana Dugar,6140908112,53805,Tamil Nadu,Sirsa,02-02-2026 09:44,BP,Senior,24/77 Mane Nagar Naihati 650048,Marathoners,54,5K,5b93f158-bdba-416d-9c7b-34c5f6a775d2,2645424691,Johal LLC,NONE,545a07f3-293a-46f2-bc92-82c9e1537535,04fad8b4-fc48-4023-9519-bb8e6486e900,PENDING,INACTIVE,5ffcced2-fb5f-44aa-a3da-e011aa06a355,761.09,21.14,4.88,41.23,1469.69,45.51,4.46,1759.03,173.18,72.71,330.37,1
76,Zehaan,Narayan,prabhakarxiti@example.org,7824155013,Male,22-04-1965,XL,Manan,A+,Anika Chanda,6202762282,672494,Manipur,Bangalore,26-03-2026 06:18,Asthma,Senior,H.No. 70 Kaur Chowk Hapur-591071,Fast Runners,61,5K,f107cd63-a80d-41ab-80b1-7846e67b3204,9656955368,"Sarma, Buch and Srinivas",RUN20,0a8ecc05-f2c5-434a-8017-a0c980c63629,86717254-13a5-47d4-9ae8-fd02272bd8ad,FAILED,INACTIVE,e486e076-0e37-48f8-ad11-17178bd701a1,1013.39,31.03,7.39,22.61,1326.27,18.29,8.07,1334.46,419.37,37.17,1085.03,1
77,Faqid,Kalita,raujeremiah@example.com,8378615771,Male,07-07-1969,M,Ekaraj,O+,Vedhika Patla,3174647664,626578,Maharashtra,Howrah,06-01-2026 18:43,None,VIP,H.No. 39 Lanka Zila Mahbubnagar-922272,Fast Runners,56,Half,14de2bc3-4027-40cc-9f2e-0fa5992e24fd,338383298,"Roy, Parmar and Solanki",NONE,f2817905-fbb6-413b-91ec-72cb0c35c869,b60ceb30-3d2d-444e-bf9e-95ba1bcc68cd,FAILED,INACTIVE,507e7460-1f56-48b2-81b0-a099a9b323d6,410.66,48.2,3.52,74.02,1020.3,37.67,4.86,1637.93,311.58,41.08,1284.55,1
78,Darika,Das,omisha10@example.org,8944615921,Female,01-10-1967,S,Vedant,B+,Shivani Dhingra,1362347732,367938,Haryana,Malegaon,05-03-2026 15:50,BP,VIP,H.No. 385 Radhakrishnan Marg Kota 766922,Fast Runners,58,Half,fb92fc6d-5aee-4194-bafc-b5cd7e33c83a,6974296911,"Majumdar, More and Dash",DISC10,b94d64df-38cb-4b32-99df-7e0a933f89b2,7e13ae13-aeca-407d-8256-91ca3ab01e7e,FAILED,ACTIVE,d35a62a0-1eec-40eb-9a74-b6f8890a3be0,701.65,16.69,3.34,66.25,888.12,17.21,6.7,633.17,147.93,39.19,354.87,1
79,Sanya,Dube,taraksachdev@example.org,2442801569,Female,25-02-1970,XL,Qadim,AB-,Eshana Rege,2347313324,260109,West Bengal,Gaya,05-04-2026 04:22,Diabetes,Senior,"H.No. 970, Loke Zila Dehradun 485171",Marathoners,56,Half,0982ef41-3b74-4cc4-9473-75bedab6fbd0,8616578792,Soni-Buch,RUN20,1fb2c1f7-8adb-4f26-86ae-2acccbcd53d8,aed0fd54-fac4-462e-8501-ad016c250469,FAILED,ACTIVE,51d0a3b1-67cc-48ee-a942-7c7242531cd8,462.83,42.98,8.31,60.54,748.72,5.89,7.35,1990.8,155.06,70.5,424.75,1
80,Aachal,Batta,somannathan@example.com,725288324,Female,28-07-1998,S,Vedika,AB+,Yadavi Bumb,3814374287,952927,Haryana,Mumbai,26-01-2026 19:49,Asthma,General,20 Choudhry Chowk Vasai-Virar 178689,Marathoners,27,10K,d6292957-b0df-4491-bd61-5686e38c6942,9718060,Iyer-Desai,NONE,cb71a21b-a683-4134-8c5e-056fe128e245,7f52818b-bc0c-4e33-9d18-8041a25ff864,PENDING,ACTIVE,ad72a265-3bc7-4b8b-9075-5a3dc47e460f,856.65,23.61,9.98,91.15,1605.83,31.68,1.65,2327.39,177.37,35.39,1391.64,1
81,Garima,Sagar,sarnayashawini@example.net,3878146456,Female,22-12-1993,XL,Bhavya,B+,Amara Shere,3811304942,360543,Andhra Pradesh,Aligarh,08-01-2026 17:35,BP,General,"29/61, Sodhi Path Begusarai-679437",Marathoners,32,Half,fc0846ac-e5a9-488c-b171-3064befe4935,1676442492,"Sarna, Menon and Deshmukh",DISC10,5758efcf-1bcb-4fc0-baff-051c90e8572a,2aff9ee9-3719-4ea1-bfe3-14e725025a12,FAILED,ACTIVE,c6f700a1-1aa4-46ba-bf67-1058662ddfe7,818.54,34.68,2.2,34.32,518.56,15.22,8.65,1991.4,140.66,21.34,1391.07,1
82,Keya,Puri,ydani@example.com,587725734,Female,24-01-1970,L,Reyansh,B+,Pushti Lala,6296293623,128404,Uttar Pradesh,Bhimavaram,06-02-2026 04:05,None,VIP,55/81 Arora Street Amroha 583274,City Club,56,10K,eb4ccd4f-3128-4def-9788-ba7dc35f0916,2801009307,Sundaram-Issac,NONE,8a014603-ec80-4d3a-92e4-4d241a00b487,472f7a45-4b59-4a18-9bac-e42d3a16d59a,FAILED,ACTIVE,a109a42b-534c-471d-aca7-846f12de0bcf,421.17,30.82,6.04,91.5,1676.51,37.44,9.54,637.41,52.39,40.08,1173.01,1
83,Maanas,Raghavan,meghagrover@example.com,5778091479,Male,24-08-1993,XL,Sarthak,AB+,Rayaan Goda,9339483613,784209,Nagaland,Baranagar,12-02-2026 23:56,None,VIP,H.No. 35 Bhardwaj Gaya-058699,Fast Runners,32,10K,207ffd11-2e0c-4719-a3fc-be27e39b33ae,3536036489,"Randhawa, Sundaram and Subramanian",RUN20,33875dec-072d-469a-9daf-ac6259040634,b06f642f-5d1d-4524-9fce-07a82b06c1b0,SUCCESS,INACTIVE,e2070ff3-2004-49a7-b864-3fc89ca8929c,1035.65,36.7,4.59,28.72,839.19,5.37,6.58,2101.18,55.8,51.74,494.55,1
84,Barkha,Wadhwa,rbala@example.com,4580149583,Female,16-12-1986,XL,Turvi,B+,Nicholas Narasimhan,2238224626,773089,Punjab,Bulandshahr,05-04-2026 01:47,Diabetes,Senior,"33, Uppal Zila, Hazaribagh 316759",None,39,5K,8fe05055-1846-433b-9319-e035e44f6413,2187469049,Peri Inc,NONE,579b0963-3a45-4bf1-8d0a-612929c0419c,a74d622f-e2a5-4e95-ba04-119d7005270c,PENDING,INACTIVE,e3ca5384-7a47-4cbd-a30e-2904c26d0718,1428.31,19.39,8.81,75.8,1535.16,17.8,1.07,943.7,261.31,34.87,378.38,1
85,Hemal,Varghese,seshadrinakul@example.net,790761352,Female,25-10-1987,XL,Chameli,O-,Jeevika Chana,7390565852,157106,Uttarakhand,Hosur,26-01-2026 10:05,None,VIP,"60 Anne Ganj, Gulbarga-869593",Marathoners,38,10K,efc70d51-b46a-4058-8b2c-3ceeb1868391,7136055807,Warrior-Kohli,RUN20,cd23c66a-c964-4fa6-8fa6-688b3e62a697,21b74a51-abef-4463-81f4-e5df1b4c3215,FAILED,ACTIVE,da69e118-60ba-4c7f-8a0e-b76a8908135a,1230.52,21.65,3.08,99.04,809.29,49.66,4.51,586.06,356.92,93.26,442.85,1
86,Tamanna,Raman,nimrat37@example.net,7864257072,Female,31-07-1967,XL,Diya,A+,Amrita Boase,2751805423,793820,Kerala,Bidar,13-01-2026 09:39,Diabetes,General,093 Borde Circle Tezpur 462933,City Club,58,5K,4a617aaf-7e4f-4155-a898-3473fdc6ccbd,8416835702,"Singhal, Bora and Soman",RUN20,11b6d706-96ed-46af-a936-3d923dfe91b8,a638b76c-8c17-446e-bd95-8420c7081aac,PENDING,ACTIVE,a785b8e2-443c-491e-85d3-12f9303c72f8,549.96,49.77,6.04,69.45,842.21,18.86,9.78,1270.7,275.09,54.25,765.62,1
87,Dayita,Kale,somanfalak@example.net,9144802331,Female,20-03-1979,S,Deepa,B+,Advaith Panchal,3244158282,96406,Sikkim,Sagar,10-01-2026 06:33,None,VIP,92/52 Sandhu Path Bally-907329,Fast Runners,47,5K,e71ca1be-d856-4e4b-b585-453b390f1f1a,1606708403,Thaman Group,NONE,a2c5edba-9318-4c28-8634-1b0267058158,54b8dbb6-d739-45cc-8634-cecccd44a1cc,FAILED,ACTIVE,faa095d0-5586-42de-ad58-3e9b5774a2ae,1161.22,24.62,3.06,71.91,693.84,44.22,6.46,1418.76,418.94,17.07,690.56,1
88,Ishita,Sastry,luke06@example.net,5487491506,Female,18-05-2001,XL,Gabriel,O-,Faraj Bhatia,5957964400,553046,Nagaland,Hajipur,01-02-2026 23:31,BP,Senior,"H.No. 636, Kadakia Ganj, Karawal Nagar 095815",Fast Runners,24,10K,61532af7-b367-4358-a951-a05e6d820175,4879217725,Ratti LLC,DISC10,26d0d24d-8f63-406f-8d8d-20c0aaa112c5,72a32b0e-047b-486f-8f4a-999f1fa14d4d,PENDING,ACTIVE,3aadabcf-59d8-4dde-9364-cf77fe217deb,1115.89,23.98,4.7,97.17,1464.19,40.17,5.95,1002.74,198.84,25.34,650.82,1
89,Indali,Varughese,xvarkey@example.net,6971767994,Female,17-02-2000,S,Netra,AB-,Jhalak Setty,6597917524,530247,Goa,Mahbubnagar,15-03-2026 11:52,BP,VIP,"146, Bhagat Path Durg 766657",None,26,Full,c9a3c502-a1c0-43bb-8618-b2c9d73f612a,9665739926,Vora Ltd,RUN20,f0e2c4ec-816a-4313-b1ef-c704eb8eaea0,6d6dd103-551a-4496-be45-4901763c2d3c,PENDING,ACTIVE,d5d3cd39-7837-4ddd-9d8f-dfd459f857f0,1438.84,41.28,3.36,28.91,1654.69,48,4.44,2470.24,58.42,10.2,484.58,1
90,Aarini,Gera,balhaarpatil@example.org,8491825361,Female,17-01-1972,XL,Vedhika,B+,Girindra Vora,190351781,553488,West Bengal,Haldia,23-03-2026 05:55,None,Senior,"91/62, Peri Ganj Darbhanga-739784",City Club,54,10K,927a9053-ae3a-4a8a-9449-f1cd5c33f66e,3237680497,"Nagy, Lall and Sura",DISC10,a80d2cf9-4774-473a-837c-d4afd8df6bff,be1e7b10-9484-4b08-b841-a9a4902f6f2f,FAILED,ACTIVE,948049c0-c1d9-41f3-a44f-0e618e597b0f,1179.52,28.27,4.47,90.69,805.9,30.16,6.61,1118.68,177.28,11.88,1238.49,1
91,Sudiksha,Sidhu,ishanvi99@example.com,5760094503,Female,27-07-1972,M,Saksham,A+,Yagnesh Yogi,5631134368,7683,Manipur,Patiala,02-03-2026 04:11,None,General,16/67 Kar Circle Bharatpur-655093,Fast Runners,53,5K,4559b916-7ba3-474c-88dd-747dbc2cd46b,7853293449,Virk-Iyer,RUN20,8018934b-51a5-459e-bebf-03412238b4fd,76e45ff1-9905-4bd0-a45a-a7e744233113,SUCCESS,ACTIVE,39c5e8db-da8f-47e1-9e1c-dca561c7be74,1461.42,40,3.71,10.73,1289.61,40.76,9.1,573.39,361.22,82.07,891.21,1
92,Yasti,Doctor,udyati91@example.com,3959183908,Female,06-10-1994,S,Ekapad,B-,Sai Palan,902707743,381239,Goa,Srinagar,11-02-2026 20:05,Diabetes,VIP,"75, Jani Faridabad 863254",Fast Runners,31,Half,ef5585d8-8d68-420c-813b-d6cd5455d75b,4421213257,"Rana, Barad and Buch",NONE,9cf0daa9-f9f6-4f74-aede-b285e1d87f0c,4e5c85ba-a066-4b91-90b3-d57553422a52,FAILED,ACTIVE,bccd51c0-5bfb-4d5c-a4da-4df3f48792cb,1380.19,46.26,3.07,41.3,1881.77,38.76,4.87,1924.09,378.71,17.84,1256.03,1
93,Zayyan,Basak,mmukhopadhyay@example.org,5806674867,Male,29-12-1997,M,Nitesh,O-,Michael Nigam,7479537109,439486,Andhra Pradesh,Ambarnath,27-02-2026 23:40,Asthma,VIP,"06/54 Om Chowk, Tinsukia 457165",None,28,5K,632c0871-c2d4-4260-bf9e-80d56324f475,4809453021,Seshadri-Chaudry,NONE,69297355-ee45-450b-adf3-f3f0f89071ca,b66f8af9-ff2a-4e38-b1da-cf6bc61febeb,FAILED,INACTIVE,c290a1ae-224d-4a48-9db8-68352e2ab415,945.33,38.24,7.21,10.29,1490.15,21.99,9.62,1641.14,339.57,77.47,565.92,1
94,Nikita,Raj,jananiswaminathan@example.com,1186536607,Female,26-08-2002,XL,Madhav,O+,Fariq Dave,7265416247,103296,Goa,Jorhat,01-01-2026 02:53,Diabetes,General,"95/00, Borde Path, Kavali 286000",Marathoners,23,Half,2dbb5712-0686-4ed2-91b0-99155636899d,8245002794,"Dugar, Chander and Rajagopal",DISC10,c3b47707-a02d-4c69-a209-20650f2ce0d9,68abd49e-8990-4569-87db-abf5ac76f9f5,SUCCESS,INACTIVE,68886dcf-b069-43ef-bf34-d5b0079e7b72,749.17,47.28,9.37,89.24,1430.08,7.29,9.96,1038.42,306.41,88.98,333,1
95,Xavier,Rout,wyatt77@example.com,1611681284,Male,03-07-1988,M,Idika,AB-,Kamya Das,4122586223,764858,Andhra Pradesh,Muzaffarnagar,31-03-2026 08:53,Diabetes,VIP,"H.No. 527, Raja Zila Shahjahanpur 714649",City Club,37,5K,dad2beae-18e3-4450-88c9-301921217d30,655556690,Nagy-Edwin,RUN20,a2b2265e-98ad-477e-b728-454fd471b9e6,82145514-5b94-4b15-9450-7d29ed1cf7d4,FAILED,ACTIVE,4e9ebac7-349c-4701-a615-a76b24a8368c,451.44,18.11,7.67,54.84,798.82,17.14,2.52,1590.56,295.87,95.76,816.98,1
96,Mohammed,Swamy,ikshita87@example.net,4896443134,Male,12-01-2000,M,Raghav,AB+,Sachi Kant,2417960965,697069,Maharashtra,Hosur,05-01-2026 13:59,Asthma,VIP,"H.No. 852, Deep Ganj Bijapur-048580",Marathoners,26,Half,4a89a745-1f8c-43cd-a88e-57cb5bdcca01,3651997101,"Rai, Bhandari and Sunder",DISC10,f2ebc957-a98e-44da-a3ec-31afe5e2578a,7af76085-2a6c-4133-a55c-ba42065968f3,PENDING,INACTIVE,deb24486-d1b6-4338-8b02-d5ad6a1ceeac,1248.62,12.22,4.42,24.32,680.12,13.35,2.32,1989.05,269.08,96.48,679.6,1
97,Kevin,Viswanathan,pavanichad@example.org,8104214877,Male,23-09-1969,M,Vedika,A+,Rajeshri Samra,3887828282,119248,Haryana,Tiruvottiyur,04-02-2026 17:15,BP,General,"48/43 Saha Ganj, Raurkela Industrial Township 540141",Marathoners,56,Full,9e5cec17-9daa-4468-b198-2ec136f67aec,7976236811,Bakshi Group,NONE,f13b2064-b6fd-4e78-b5f1-f7221f830c2d,2374e203-95fd-40d0-90cd-100ee4b66827,SUCCESS,INACTIVE,129f3e66-af9b-4583-9f61-554b510c4045,603.18,19.87,4.54,75.55,1412.78,36.73,1.53,1203.84,420.63,78.88,568.35,1
98,Bahadurjit,Sunder,epatla@example.org,8752200770,Male,27-12-1989,L,Bishakha,B-,Ubika Borah,8720617787,695307,Meghalaya,Muzaffarnagar,03-01-2026 19:44,Diabetes,Senior,"98/886, Setty Path, Ludhiana-703237",Marathoners,36,10K,85aa4403-90a6-4584-b460-2d3766568b10,838731433,"Sengupta, Ghose and Nagarajan",NONE,34f4f2cb-61b7-4cb9-8c06-12a35c96ca87,dae7a67f-ca9c-40f9-8b4c-766617b0b980,SUCCESS,INACTIVE,364acbfb-8272-4fe5-b68b-72235b06ef61,860.61,12.32,1.25,63.21,576.77,25.87,8.66,558.34,227.34,34.64,1313.7,1
99,Alka,Seshadri,shivanshkothari@example.net,7096322169,Female,23-08-1969,XL,Wishi,A-,Radhika Singhal,9905996458,676253,Tripura,Phusro,18-04-2026 08:44,Diabetes,VIP,23/485 Shanker Bokaro 514501,Fast Runners,56,5K,f4985b0c-3299-4dac-8aa3-91089685443b,9778904252,Narula Inc,DISC10,c38f76fb-4765-4e5b-a0f8-5472dc332dda,dec830d0-62b2-42b8-9c0c-b5e35decd470,FAILED,ACTIVE,bb112437-9196-4e36-b0d8-accfef4a7727,1114.35,47.19,9.49,25.22,1921.56,36.61,1.12,2264.87,388.29,84.52,969.37,1
100,Manan,Goel,luthraharshil@example.com,7904523166,Male,24-08-2000,XL,Yochana,O-,Laban Chandran,9145100253,637209,Assam,Avadi,20-01-2026 01:16,None,General,H.No. 259 Amble Thane 625270,None,25,5K,80b72bec-ca77-4f89-9c93-7b8836955df0,7828195662,"Goyal, Das and Nagarajan",NONE,c3d2d862-5695-4413-ac05-394762ed3353,084ac712-3bfd-42d9-afee-f652a50f1eb0,SUCCESS,INACTIVE,50e154e6-abc4-4ef6-92df-4faac7a4009f,1348.18,37.17,9.84,55.15,1551.31,5.48,6.94,1163.53,262.72,60.64,781.44,1
